,movieName,Author,Metascore_w,Increased Metascore,Metascore LOTR3
157613,the-social-network,mds03,10,3,7
87871,united-93,JasonJ.,10,3,7
102101,king-kong,mds03,10,3,7
23186,whiplash,Aaron_Wasserman,10,3,7
28550,gone-girl,Aaron_Wasserman,10,3,7
39948,django-unchained,Riflenator1234,10,3,7
117225,signs,mds03,10,3,7
104897,star-wars-episode-v---the-empire-strikes-back,Aaron_Wasserman,10,3,7
148939,the-dark-knight,Aaron_Wasserman,10,3,7
158355,the-social-network,Aaron_Wasserman,10,3,7
95273,the-40-year-old-virgin,JasonJ.,10,3,7
44534,django-unchained,mds03,10,3,7
47202,the-grey,tonyGreen,10,3,7
130044,the-shining,MovieGuys,10,2,8
124580,quiz-show,ChristopherJ.,9,2,7
109608,raiders-of-the-lost-ark,MovieGuys,10,2,8
109016,finding-nemo,MovieGuys,10,2,8
107884,the-departed,MovieGuys,10,2,8
33874,lee-daniels-the-butler,MovieGuys,10,2,8
105802,21-grams,MovieGuys,10,2,8
104620,city-of-god,MovieGuys,10,2,8
101911,spider-man-2,MovieGuys,10,2,8
130935,rush-hour,MovieGuys,10,2,8
100549,garden-state,MovieGuys,10,2,8
74395,sweeney-todd-the-demon-barber-of-fleet-street,ChristopherJ.,9,2,7
84423,the-notorious-bettie-page,ChristopherJ.,9,2,7
111387,the-lord-of-the-rings-the-two-towers,ChristopherJ.,9,2,7
99149,the-incredibles,MovieGuys,10,2,8
98697,hotel-rwanda,MovieGuys,10,2,8
110655,twelve-monkeys,MovieGuys,10,2,8
98183,lord-of-war,MovieGuys,10,2,8
97416,the-godfather-part-ii,MovieGuys,10,2,8
96575,national-treasure,MovieGuys,10,2,8
41719,lincoln,MovieGuys,10,2,8
43342,flight,MovieGuys,10,2,8
43700,silver-linings-playbook,MovieGuys,10,2,8
108289,lost-in-translation,NinjaMafia,10,2,8
141285,the-usual-suspects,NinjaMafia,10,2,8
145714,pulp-fiction,NinjaMafia,10,2,8
47032,the-muppets,gm101,10,2,8
48915,puss-in-boots,gm101,10,2,8
90840,capote,MovieGuys,10,2,8
109968,pirates-of-the-caribbean-the-curse-of-the-black-pearl,MovieGuys,10,2,8
110368,raiders-of-the-lost-ark,Zegilgamesh,10,2,8
187826,nightcrawler,tonyGreen,9,2,7
112709,heaven,tonyGreen,9,2,7
128902,a-clockwork-orange,MovieGuys,10,2,8
76280,28-weeks-later,JasonJ.,9,2,7
128366,no-country-for-old-men,tonyGreen,9,2,7
127680,the-darjeeling-limited,tonyGreen,9,2,7
103505,eternal-sunshine-of-the-spotless-mind,JasonJ.,9,2,7
127483,reservoir-dogs,MovieGuys,10,2,8
125662,rush-hour-2,MovieGuys,10,2,8
123473,mulholland-dr,tonyGreen,9,2,7
124510,groundhog-day,MovieGuys,10,2,8
179419,avatar,JasonJ.,9,2,7
135067,the-dark-knight,AM,9,2,7
123917,chinatown,MovieGuys,10,2,8
122533,the-lord-of-the-rings-the-fellowship-of-the-ring,MovieGuys,10,2,8
121126,speed,MovieGuys,10,2,8
119395,panic-room,MovieGuys,10,2,8
119324,the-big-lebowski,MovieGuys,10,2,8
118413,spider-man,MovieGuys,10,2,8
23248,whiplash,MovieGuys,10,2,8
117811,lilo-stitch,MovieGuys,10,2,8
168436,the-help,mds03,9,2,7
26671,chef,MovieGuys,10,2,8
165414,paul,mds03,9,2,7
51638,the-green-hornet,gm101,10,2,8
113355,adaptation,MovieGuys,10,2,8
111777,the-lion-king,MovieGuys,10,2,8
130392,forrest-gump,MovieGuys,10,2,8
33147,dallas-buyers-club,MovieGuys,10,2,8
113356,the-pianist,MovieGuys,10,2,8
55343,cop-out,gm101,10,2,8
88573,united-93,MovieGuys,10,2,8
128791,star-wars-episode-i---the-phantom-menace,gm101,10,2,8
134552,chicken-run,gm101,10,2,8
132143,toy-story-2,gm101,10,2,8
130799,the-emperors-new-groove,gm101,10,2,8
130792,rush-hour,gm101,10,2,8
129158,pirates-of-the-caribbean-at-worlds-end,gm101,10,2,8
128849,forrest-gump,gm101,10,2,8
126038,jurassic-park,gm101,10,2,8
111844,cars,gm101,10,2,8
143067,the-shawshank-redemption,Zegilgamesh,10,2,8
118887,star-wars-episode-ii---attack-of-the-clones,gm101,10,2,8
118526,mr-deeds,gm101,10,2,8
118261,spider-man,gm101,10,2,8
117765,lilo-stitch,gm101,10,2,8
113838,terminator-2-judgment-day,gm101,10,2,8
135003,x-men,gm101,10,2,8
135626,the-lost-world-jurassic-park,gm101,10,2,8
137406,the-incredible-hulk,gm101,10,2,8
139086,tarzan,gm101,10,2,8
143340,home-alone,gm101,10,2,8
45460,django-unchained,MovieGuys,10,2,8
147543,mortal-kombat,gm101,10,2,8
56431,the-girl-with-the-dragon-tattoo,MovieGuys,10,2,8
47510,the-artist,MovieGuys,10,2,8
156928,transformers-revenge-of-the-fallen,gm101,10,2,8
162512,the-chronicles-of-narnia-the-voyage-of-the-dawn-treader,gm101,10,2,8
114796,army-of-darkness,Zegilgamesh,10,2,8
163475,rango,gm101,10,2,8
164443,thor,gm101,10,2,8
164514,tron-legacy,gm101,10,2,8
114065,terminator-2-judgment-day,Zegilgamesh,10,2,8
48341,hugo,MovieGuys,10,2,8
113018,a-bugs-life,gm101,10,2,8
111368,the-lion-king,gm101,10,2,8
54580,how-to-train-your-dragon,gm101,10,2,8
66594,wall-e,gm101,10,2,8
75508,transformers,gm101,10,2,8
73993,spider-man-3,gm101,10,2,8
73195,ratatouille,gm101,10,2,8
72450,harry-potter-and-the-order-of-the-phoenix,gm101,10,2,8
67400,the-dark-knight,gm101,10,2,8
66655,star-wars-the-clone-wars,gm101,10,2,8
79712,casino-royale,MovieGuys,10,2,8
110795,pirates-of-the-caribbean-dead-mans-chest,gm101,10,2,8
62158,the-proposal,gm101,10,2,8
61856,up,gm101,10,2,8
58047,the-princess-and-the-frog,gm101,10,2,8
149612,up,Zegilgamesh,10,2,8
55715,toy-story-3,gm101,10,2,8
96181,the-godfather-part-ii,tonyGreen,9,2,7
79898,night-at-the-museum,gm101,10,2,8
88621,the-chronicles-of-narnia-the-lion-the-witch-and-the-wardrobe,gm101,10,2,8
79421,ratatouille,MovieGuys,10,2,8
144850,evil-dead-ii,Zegilgamesh,10,2,8
94891,toy-story,gm101,10,2,8
95172,ghostbusters-ii,gm101,10,2,8
96402,star-wars-episode-iii---revenge-of-the-sith,gm101,10,2,8
97902,the-incredibles,gm101,10,2,8
101151,the-terminal,gm101,10,2,8
101559,shrek-2,gm101,10,2,8
72799,live-free-or-die-hard,MovieGuys,10,2,8
102366,spider-man-2,gm101,10,2,8
102992,star-wars-episode-iv---a-new-hope,gm101,10,2,8
103312,star-wars-episode-vi---return-of-the-jedi,gm101,10,2,8
108357,pirates-of-the-caribbean-the-curse-of-the-black-pearl,gm101,10,2,8
108871,finding-nemo,gm101,10,2,8
71763,there-will-be-blood,MovieGuys,10,2,8
132645,the-godfather,MovieGuys,10,2,8
30127,the-lego-movie,EssenceOfSugar,10,2,8
82080,factotum,tonyGreen,9,2,7
187575,the-imitation-game,MovieGuys,10,2,8
186818,boyhood,MovieGuys,10,2,8
186789,nightcrawler,MovieGuys,10,2,8
186319,the-dark-knight-rises,MovieGuys,10,2,8
181253,12-years-a-slave,MovieGuys,10,2,8
53882,meet-the-parents,mds03,9,2,7
72184,there-will-be-blood,tonyGreen,9,2,7
172562,moonrise-kingdom,MovieGuys,10,2,8
96903,red-eye,mds03,9,2,7
168515,the-help,MovieGuys,10,2,8
96987,star-wars-episode-iii---revenge-of-the-sith,mds03,9,2,7
163020,red,MovieGuys,10,2,8
162128,the-kings-speech,MovieGuys,10,2,8
161263,the-kids-are-all-right,MovieGuys,10,2,8
159223,inception,MovieGuys,10,2,8
158886,the-hangover,MovieGuys,10,2,8
149045,goodfellas,MovieGuys,10,2,8
147891,die-hard,MovieGuys,10,2,8
147137,twister,MovieGuys,10,2,8
146709,amadeus,MovieGuys,10,2,8
146500,scarface,MovieGuys,10,2,8
146328,scream,MovieGuys,10,2,8
187250,gravity,MovieGuys,10,2,8
6400,the-accountant,Aaron_Wasserman,9,2,7
104448,star-wars-episode-iv---a-new-hope,mds03,9,2,7
98148,star-wars-episode-iii---revenge-of-the-sith,Aaron_Wasserman,9,2,7
47113,the-avengers-2012,EssenceOfSugar,10,2,8
61098,sherlock-holmes,EssenceOfSugar,10,2,8
101513,shaun-of-the-dead,EssenceOfSugar,10,2,8
110017,anger-management,EssenceOfSugar,10,2,8
195434,batman-v-superman-dawn-of-justice,Aaron_Wasserman,9,2,7
111623,halloween-1978,EssenceOfSugar,10,2,8
114093,equilibrium,EssenceOfSugar,10,2,8
114577,who-framed-roger-rabbit,EssenceOfSugar,10,2,8
187800,the-dark-knight-rises,Aaron_Wasserman,9,2,7
119550,one-flew-over-the-cuckoos-nest,EssenceOfSugar,10,2,8
120883,the-lord-of-the-rings-the-fellowship-of-the-ring,EssenceOfSugar,10,2,8
133234,the-bucket-list,EssenceOfSugar,10,2,8
141967,iron-man,EssenceOfSugar,10,2,8
156899,star-trek,Aaron_Wasserman,9,2,7
156906,inception,EssenceOfSugar,10,2,8
143589,iron-man,Aaron_Wasserman,9,2,7
137164,american-psycho,Aaron_Wasserman,9,2,7
110117,raiders-of-the-lost-ark,Aaron_Wasserman,9,2,7
109867,indiana-jones-and-the-temple-of-doom,Aaron_Wasserman,9,2,7
105798,star-wars-episode-iv---a-new-hope,Aaron_Wasserman,9,2,7
99846,batman-begins,Aaron_Wasserman,9,2,7
145810,midnight-run,MovieGuys,10,2,8
48014,mission-impossible---ghost-protocol,MovieGuys,10,2,8
142730,ghostbusters,Jacob,10,2,8
141436,saving-private-ryan,MovieGuys,10,2,8
143024,full-metal-jacket,MovieGuys,10,2,8
142168,titanic,MovieGuys,10,2,8
14277,bridge-of-spies,tonyGreen,9,2,7
123258,harry-potter-and-the-sorcerers-stone,mds03,9,2,7
142112,heat,MovieGuys,10,2,8
138339,fight-club,MovieGuys,10,2,8
139944,manhattan,MovieGuys,10,2,8
144573,titanic,mds03,9,2,7
136400,american-beauty,MovieGuys,10,2,8
152270,monsters-vs-aliens,Jacob,10,2,8
141014,the-usual-suspects,MovieGuys,10,2,8
102626,star-wars-episode-v---the-empire-strikes-back,Jacob,10,2,8
138974,the-green-mile,MovieGuys,10,2,8
200687,la-la-land,Jacob,10,2,8
144483,the-dark-knight,mds03,9,2,7
139476,no-country-for-old-men,MovieGuys,10,2,8
145339,the-silence-of-the-lambs,MovieGuys,10,2,8
41007,the-master,tonyGreen,9,2,7
143425,die-hard-2,MovieGuys,10,2,8
144227,the-graduate,MovieGuys,10,2,8
70706,im-not-there,tonyGreen,9,2,7
145110,the-dark-knight,MovieGuys,10,2,8
145093,the-truman-show,MovieGuys,10,2,8
63024,the-hurt-locker,tonyGreen,9,2,7
144494,crash,MovieGuys,10,2,8
157492,the-hangover,Jacob,10,2,8
133323,national-treasure-book-of-secrets,MovieGuys,10,2,8
150558,marley-me,mds03,9,2,7
115391,harry-potter-and-the-chamber-of-secrets,mds03,9,2,7
143438,the-shawshank-redemption,MovieGuys,10,2,8
135410,jaws,MovieGuys,10,2,8
135531,american-beauty,Compi24,10,1,9
10956,10-cloverfield-lane,MovieGuys,9,1,8
135612,jaws,Compi24,10,1,9
130357,cast-away,Compi24,10,1,9
130398,unbreakable,Compi24,10,1,9
136645,the-naked-gun-from-the-files-of-police-squad!,Compi24,10,1,9
138230,the-green-mile,Compi24,10,1,9
139305,fight-club,Compi24,10,1,9
144423,the-matrix,mds03,8,1,7
132232,the-godfather,Compi24,10,1,9
33252,all-is-lost,MovieGuys,9,1,8
130068,the-fugitive,Compi24,10,1,9
130058,forrest-gump,Compi24,10,1,9
185772,the-dark-knight-rises,mds03,8,1,7
128595,memento,Compi24,10,1,9
126044,superbad,Compi24,10,1,9
139524,the-sixth-sense,Compi24,10,1,9
147069,scream,mds03,8,1,7
46926,extremely-loud-and-incredibly-close,MovieGuys,9,1,8
124538,groundhog-day,Compi24,10,1,9
119755,one-flew-over-the-cuckoos-nest,Compi24,10,1,9
118467,zodiac,Compi24,10,1,9
118234,the-big-lebowski,Compi24,10,1,9
117192,signs,Compi24,10,1,9
177311,iron-man-3,mds03,8,1,7
165073,the-kings-speech,Compi24,10,1,9
140767,the-shawshank-redemption,Compi24,10,1,9
28159,gone-girl,MovieGuys,9,1,8
39748,mama,mds03,8,1,7
22768,into-the-woods,MovieGuys,9,1,8
53992,the-last-exorcism,mds03,8,1,7
59333,the-blind-side,mds03,8,1,7
95963,harry-potter-and-the-goblet-of-fire,mds03,8,1,7
42351,seven-psychopaths,MovieGuys,9,1,8
120641,scream-2,mds03,8,1,7
25355,the-hundred-foot-journey,MovieGuys,9,1,8
30221,the-grand-budapest-hotel,MovieGuys,9,1,8
20948,selma,MovieGuys,9,1,8
98368,batman-begins,mds03,8,1,7
99319,cellular,mds03,8,1,7
30917,philomena,MovieGuys,9,1,8
40643,the-impossible,MovieGuys,9,1,8
40388,side-effects-2013,MovieGuys,9,1,8
34379,american-hustle,MovieGuys,9,1,8
34162,prisoners,MovieGuys,9,1,8
102529,harry-potter-and-the-prisoner-of-azkaban,mds03,8,1,7
44807,a-separation,MovieGuys,9,1,8
13126,the-big-short,MovieGuys,9,1,8
141703,the-usual-suspects,Compi24,10,1,9
183068,the-dark-knight-rises,Compi24,10,1,9
144595,good-will-hunting,Compi24,10,1,9
145682,pineapple-express,Compi24,10,1,9
146929,a-few-good-men,Compi24,10,1,9
149028,pulp-fiction,Compi24,10,1,9
158303,inception,Compi24,10,1,9
166746,district-9,Compi24,10,1,9
168848,5050,Compi24,10,1,9
169128,the-grey,Compi24,10,1,9
184439,her,Compi24,10,1,9
141912,cloverfield,mds03,8,1,7
188910,interstellar,Compi24,10,1,9
194397,mission-impossible---rogue-nation,Compi24,10,1,9
196913,the-revenant-2015,Compi24,10,1,9
199452,dont-breathe,Compi24,10,1,9
102551,star-wars-episode-v---the-empire-strikes-back,WhiteTalpa,10,1,9
36554,the-purge,mds03,8,1,7
38670,olympus-has-fallen,mds03,8,1,7
38751,the-call,mds03,8,1,7
83911,transformers,mds03,8,1,7
106096,the-last-samurai,MovieGuys,9,1,8
47802,the-adventures-of-tintin,MovieGuys,9,1,8
34031,frozen-2013,JpJuario,9,1,8
99432,the-incredibles,EpicLadySponge,10,1,9
94397,toy-story,EpicLadySponge,10,1,9
61226,up,EpicLadySponge,10,1,9
55418,toy-story-3,EpicLadySponge,10,1,9
16382,inside-out-2015,EpicLadySponge,10,1,9
15535,star-wars-episode-vii---the-force-awakens,EpicLadySponge,10,1,9
181031,12-years-a-slave,JpJuario,9,1,8
157775,the-social-network,JpJuario,9,1,8
93267,pans-labyrinth,JpJuario,9,1,8
63856,the-hurt-locker,JpJuario,9,1,8
203106,deadpool,MovieGuys,9,1,8
148211,the-terminator,MovieGuys,9,1,8
191464,spy,MovieGuys,9,1,8
189863,american-sniper,MovieGuys,9,1,8
184950,the-hunger-games-catching-fire,MovieGuys,9,1,8
180373,nebraska,MovieGuys,9,1,8
178418,zero-dark-thirty,MovieGuys,9,1,8
177603,the-way-way-back,MovieGuys,9,1,8
177295,the-heat,MovieGuys,9,1,8
177156,mud,MovieGuys,9,1,8
172252,liberal-arts,MovieGuys,9,1,8
170526,les-miserables,MovieGuys,9,1,8
102417,star-wars-episode-v---the-empire-strikes-back,EpicLadySponge,10,1,9
105621,star-wars-episode-iv---a-new-hope,EpicLadySponge,10,1,9
110998,finding-nemo,EpicLadySponge,10,1,9
120658,monsters-inc,EpicLadySponge,10,1,9
137419,braveheart,Denathorn,10,1,9
91986,silent-hill,Denathorn,10,1,9
79878,pans-labyrinth,Denathorn,10,1,9
9924,the-conjuring-2,Denathorn,10,1,9
198397,deadpool,Aaron_Wasserman,8,1,7
184884,captain-america-the-winter-soldier,Aaron_Wasserman,8,1,7
180139,insidious-chapter-2,Aaron_Wasserman,8,1,7
123752,the-lord-of-the-rings-the-fellowship-of-the-ring,Aaron_Wasserman,8,1,7
117576,pirates-of-the-caribbean-dead-mans-chest,Aaron_Wasserman,8,1,7
110654,pirates-of-the-caribbean-the-curse-of-the-black-pearl,Aaron_Wasserman,8,1,7
103166,harry-potter-and-the-prisoner-of-azkaban,Aaron_Wasserman,8,1,7
102277,spider-man-2,Aaron_Wasserman,8,1,7
96786,harry-potter-and-the-goblet-of-fire,Aaron_Wasserman,8,1,7
71195,juno,Aaron_Wasserman,8,1,7
52670,the-amazing-spider-man,Aaron_Wasserman,8,1,7
14683,captain-america-civil-war,Aaron_Wasserman,8,1,7
8231,jason-bourne,Aaron_Wasserman,8,1,7
200444,finding-dory,EpicLadySponge,10,1,9
199594,the-bfg,EpicLadySponge,10,1,9
133639,the-godfather,EpicLadySponge,10,1,9
132362,toy-story-2,EpicLadySponge,10,1,9
168005,a-very-harold-kumar-christmas,MovieGuys,9,1,8
147913,true-romance,MovieGuys,9,1,8
50598,the-debt,MovieGuys,9,1,8
96538,million-dollar-baby,MovieGuys,9,1,8
113389,catch-me-if-you-can,MovieGuys,9,1,8
112361,the-lord-of-the-rings-the-two-towers,MovieGuys,9,1,8
111744,halloween-1978,MovieGuys,9,1,8
111154,serpico,MovieGuys,9,1,8
109591,the-italian-job,MovieGuys,9,1,8
107728,body-heat,MovieGuys,9,1,8
107510,schindlers-list,MovieGuys,9,1,8
110107,finding-nemo,Compi24,10,1,9
103689,star-wars-episode-v---the-empire-strikes-back,MovieGuys,9,1,8
102767,star-wars-episode-iv---a-new-hope,MovieGuys,9,1,8
96029,the-machinist,MovieGuys,9,1,8
146906,austin-powers-international-man-of-mystery,MovieGuys,9,1,8
94742,sin-city,MovieGuys,9,1,8
91791,jarhead,MovieGuys,9,1,8
87272,babel,MovieGuys,9,1,8
84767,over-the-hedge,MovieGuys,9,1,8
77428,the-bourne-ultimatum,MovieGuys,9,1,8
67026,get-smart,MovieGuys,9,1,8
61473,sherlock-holmes,MovieGuys,9,1,8
58081,invictus,MovieGuys,9,1,8
56427,the-town,MovieGuys,9,1,8
52127,moneyball,MovieGuys,9,1,8
113491,the-people-vs-larry-flynt,MovieGuys,9,1,8
116791,the-bourne-identity,MovieGuys,9,1,8
118316,zodiac,MovieGuys,9,1,8
120308,monsters-inc,MovieGuys,9,1,8
146174,air-force-one,MovieGuys,9,1,8
145732,boogie-nights,MovieGuys,9,1,8
144460,mission-impossible,MovieGuys,9,1,8
144090,good-will-hunting,MovieGuys,9,1,8
143434,clerks,MovieGuys,9,1,8
143357,home-alone,MovieGuys,9,1,8
142142,monty-python-and-the-holy-grail,MovieGuys,9,1,8
140751,rain-man,MovieGuys,9,1,8
139587,the-sixth-sense,MovieGuys,9,1,8
139327,the-insider,MovieGuys,9,1,8
138668,the-firm,MovieGuys,9,1,8
136670,fargo,MovieGuys,9,1,8
133889,predator,MovieGuys,9,1,8
130851,the-professional,MovieGuys,9,1,8
130372,tootsie,MovieGuys,9,1,8
130062,crouching-tiger-hidden-dragon,MovieGuys,9,1,8
129920,the-fugitive,MovieGuys,9,1,8
129403,memento,MovieGuys,9,1,8
124403,beverly-hills-cop,MovieGuys,9,1,8
121974,black-hawk-down,MovieGuys,9,1,8
121724,amelie,MovieGuys,9,1,8
115400,road-to-perdition,Compi24,10,1,9
41585,silver-linings-playbook,MonsieurEames,10,1,9
109854,a-christmas-story,Compi24,10,1,9
127254,the-dark-knight,cameronmorewood,10,1,9
145897,do-the-right-thing,cameronmorewood,10,1,9
146214,leaving-las-vegas,cameronmorewood,10,1,9
146534,animal-house,cameronmorewood,10,1,9
146960,2001-a-space-odyssey,cameronmorewood,10,1,9
147988,goodfellas,cameronmorewood,10,1,9
149012,pulp-fiction,cameronmorewood,10,1,9
157412,the-social-network,cameronmorewood,10,1,9
161801,inglourious-basterds,cameronmorewood,10,1,9
164183,the-diving-bell-and-the-butterfly,cameronmorewood,10,1,9
168814,5050,cameronmorewood,10,1,9
171576,looper,cameronmorewood,10,1,9
172058,beasts-of-the-southern-wild,cameronmorewood,10,1,9
21939,mad-max-fury-road,Jacob,9,1,8
31434,the-grand-budapest-hotel,Jacob,9,1,8
58801,toy-story-3,Jacob,9,1,8
145819,boogie-nights,cameronmorewood,10,1,9
144433,crash,cameronmorewood,10,1,9
143294,american-history-x,cameronmorewood,10,1,9
135690,forgetting-sarah-marshall,cameronmorewood,10,1,9
129559,forrest-gump,cameronmorewood,10,1,9
130615,dan-in-real-life,cameronmorewood,10,1,9
130670,requiem-for-a-dream,cameronmorewood,10,1,9
130868,the-shining,cameronmorewood,10,1,9
132886,almost-famous,cameronmorewood,10,1,9
135508,american-beauty,cameronmorewood,10,1,9
136416,american-psycho,cameronmorewood,10,1,9
142966,full-metal-jacket,cameronmorewood,10,1,9
136578,fargo,cameronmorewood,10,1,9
137073,magnolia,cameronmorewood,10,1,9
138248,fight-club,cameronmorewood,10,1,9
140739,american-pie,cameronmorewood,10,1,9
141092,the-usual-suspects,cameronmorewood,10,1,9
141231,ferris-buellers-day-off,cameronmorewood,10,1,9
129885,forrest-gump,Jacob,9,1,8
148135,pulp-fiction,Jacob,9,1,8
154678,coraline,Jacob,9,1,8
76093,there-will-be-blood,AnonymousMC,10,1,9
72932,the-kingdom,JasonJ.,8,1,7
130069,into-the-wild,JasonJ.,8,1,7
132805,wall-e,JasonJ.,8,1,7
137540,cloverfield,JasonJ.,8,1,7
160683,robin-hood,JasonJ.,8,1,7
61763,zombieland,AnonymousMC,10,1,9
77208,300,AnonymousMC,10,1,9
157343,crazy-heart,tonyGreen,8,1,7
79958,the-queen,AnonymousMC,10,1,9
83706,casino-royale,AnonymousMC,10,1,9
85539,the-departed,AnonymousMC,10,1,9
85572,united-93,AnonymousMC,10,1,9
86733,casino-royale,AnonymousMC,10,1,9
88609,pans-labyrinth,AnonymousMC,10,1,9
70811,i-am-legend,JasonJ.,8,1,7
145136,2001-a-space-odyssey,tonyGreen,8,1,7
185183,her,Jacob,9,1,8
50667,cowboys-aliens,tonyGreen,8,1,7
195186,zootopia,Jacob,9,1,8
203177,star-wars-episode-vii---the-force-awakens,Jacob,9,1,8
68579,harold-kumar-escape-from-guantanamo-bay,NickS.,10,1,9
90631,jarhead,NickS.,10,1,9
92258,grizzly-man,NickS.,10,1,9
49793,margin-call,tonyGreen,8,1,7
56245,the-girl-with-the-dragon-tattoo,tonyGreen,8,1,7
121746,the-lord-of-the-rings-the-fellowship-of-the-ring,tonyGreen,8,1,7
57327,daybreakers,tonyGreen,8,1,7
97295,primer,tonyGreen,8,1,7
104745,a-history-of-violence,tonyGreen,8,1,7
111717,the-lord-of-the-rings-the-two-towers,tonyGreen,8,1,7
112794,v-for-vendetta,tonyGreen,8,1,7
121484,true-crime,tonyGreen,8,1,7
128868,a-clockwork-orange,cameronmorewood,10,1,9
126197,apocalypse-now,cameronmorewood,10,1,9
91533,pans-labyrinth,AnonymousMC,10,1,9
123543,mulholland-dr,cameronmorewood,10,1,9
104048,mystic-river,spadenx,10,1,9
109965,finding-nemo,spadenx,10,1,9
111283,the-hunted,spadenx,10,1,9
111601,house-of-1000-corpses,spadenx,10,1,9
118598,vacancy,spadenx,10,1,9
122675,kung-pow-enter-the-fist,spadenx,10,1,9
131516,the-godfather,spadenx,10,1,9
139337,fight-club,spadenx,10,1,9
150061,doubt,spadenx,10,1,9
164855,the-kings-speech,spadenx,10,1,9
7026,moonlight-2016,sanyrub,10,1,9
21073,mad-max-fury-road,sanyrub,10,1,9
88620,brokeback-mountain,sanyrub,10,1,9
21777,the-breakfast-club,cameronmorewood,10,1,9
38792,spring-breakers,cameronmorewood,10,1,9
66014,milk,spadenx,10,1,9
145680,the-dark-knight,AaronWasserman2,10,1,9
176946,the-dark-knight-rises,EssenceOfSugar,9,1,8
117331,minority-report,EssenceOfSugar,9,1,8
43055,looper,EssenceOfSugar,9,1,8
50815,fright-night,EssenceOfSugar,9,1,8
51007,midnight-in-paris,EssenceOfSugar,9,1,8
73954,atonement,EssenceOfSugar,9,1,8
82882,the-prestige,EssenceOfSugar,9,1,8
110395,twelve-monkeys,EssenceOfSugar,9,1,8
124606,groundhog-day,EssenceOfSugar,9,1,8
173144,premium-rush,EssenceOfSugar,9,1,8
135282,x-men,EssenceOfSugar,9,1,8
140720,rain-man,EssenceOfSugar,9,1,8
144121,titanic,EssenceOfSugar,9,1,8
166041,source-code,EssenceOfSugar,9,1,8
168193,5050,EssenceOfSugar,9,1,8
171632,ice-age-continental-drift,EssenceOfSugar,9,1,8
39209,cloud-atlas,cameronmorewood,10,1,9
41261,lincoln,cameronmorewood,10,1,9
41887,flight,cameronmorewood,10,1,9
110351,raiders-of-the-lost-ark,cameronmorewood,10,1,9
101081,harry-potter-and-the-prisoner-of-azkaban,cameronmorewood,10,1,9
104125,city-of-god,cameronmorewood,10,1,9
104699,mystic-river,cameronmorewood,10,1,9
105261,eternal-sunshine-of-the-spotless-mind,cameronmorewood,10,1,9
105484,house-of-sand-and-fog,cameronmorewood,10,1,9
107552,the-departed,cameronmorewood,10,1,9
110775,the-lion-king,cameronmorewood,10,1,9
98763,a-history-of-violence,cameronmorewood,10,1,9
111909,halloween-1978,cameronmorewood,10,1,9
114074,king-kong,cameronmorewood,10,1,9
114247,harry-potter-and-the-chamber-of-secrets,cameronmorewood,10,1,9
115425,the-ring,cameronmorewood,10,1,9
119738,one-flew-over-the-cuckoos-nest,cameronmorewood,10,1,9
122259,harry-potter-and-the-sorcerers-stone,cameronmorewood,10,1,9
98848,raging-bull,cameronmorewood,10,1,9
98034,sideways,cameronmorewood,10,1,9
42673,the-master,cameronmorewood,10,1,9
60418,moon,cameronmorewood,10,1,9
44294,the-cabin-in-the-woods,cameronmorewood,10,1,9
45072,a-separation,cameronmorewood,10,1,9
47810,the-descendants,cameronmorewood,10,1,9
48330,shame,cameronmorewood,10,1,9
51896,blue-valentine,cameronmorewood,10,1,9
58694,up-in-the-air,cameronmorewood,10,1,9
61130,shutter-island,cameronmorewood,10,1,9
83910,click,cameronmorewood,10,1,9
61390,up,cameronmorewood,10,1,9
63164,i-love-you-man,cameronmorewood,10,1,9
66372,milk,cameronmorewood,10,1,9
70967,juno,cameronmorewood,10,1,9
72798,there-will-be-blood,cameronmorewood,10,1,9
80041,pans-labyrinth,cameronmorewood,10,1,9
89922,pans-labyrinth,AnonymousMC,10,1,9
97145,serenity,AnonymousMC,10,1,9
105119,casino-royale,Compi24,10,1,9
111895,the-lord-of-the-rings-the-two-towers,imthenoob,10,1,9
44960,the-hunger-games,MonsieurEames,10,1,9
51121,warrior,MonsieurEames,10,1,9
55118,toy-story-3,MonsieurEames,10,1,9
77616,harry-potter-and-the-order-of-the-phoenix,MonsieurEames,10,1,9
90099,harry-potter-and-the-goblet-of-fire,MonsieurEames,10,1,9
94944,toy-story,MonsieurEames,10,1,9
98913,the-incredibles,MonsieurEames,10,1,9
102301,harry-potter-and-the-prisoner-of-azkaban,MonsieurEames,10,1,9
102698,star-wars-episode-v---the-empire-strikes-back,MonsieurEames,10,1,9
104028,star-wars-episode-iv---a-new-hope,MonsieurEames,10,1,9
107442,the-departed,MonsieurEames,10,1,9
108950,finding-nemo,MonsieurEames,10,1,9
109440,raiders-of-the-lost-ark,MonsieurEames,10,1,9
111317,the-lord-of-the-rings-the-two-towers,MonsieurEames,10,1,9
126932,jurassic-park,MonsieurEames,10,1,9
41842,hotel-transylvania,EssenceOfSugar,9,1,8
199847,31,imthenoob,10,1,9
188080,guardians-of-the-galaxy,imthenoob,10,1,9
138966,clue,imthenoob,10,1,9
121217,kung-pow-enter-the-fist,imthenoob,10,1,9
122946,harry-potter-and-the-sorcerers-stone,imthenoob,10,1,9
126122,apocalypse-now,imthenoob,10,1,9
127638,shrek,imthenoob,10,1,9
128026,the-godfather,imthenoob,10,1,9
138414,fight-club,imthenoob,10,1,9
145191,from-dusk-till-dawn,imthenoob,10,1,9
182774,her,imthenoob,10,1,9
160263,scott-pilgrim-vs-the-world,imthenoob,10,1,9
163732,watchmen,imthenoob,10,1,9
164924,the-kings-speech,imthenoob,10,1,9
165514,tucker-dale-vs-evil,imthenoob,10,1,9
168750,tower-heist,imthenoob,10,1,9
174863,rise-of-the-guardians,imthenoob,10,1,9
132850,toy-story-2,MonsieurEames,10,1,9
134867,jaws,MonsieurEames,10,1,9
142288,saving-private-ryan,MonsieurEames,10,1,9
95662,the-40-year-old-virgin,Compi24,10,1,9
66740,the-dark-knight,Compi24,10,1,9
72826,there-will-be-blood,Compi24,10,1,9
77320,the-bourne-ultimatum,Compi24,10,1,9
88355,kiss-kiss-bang-bang,Compi24,10,1,9
92535,cinderella-man,Compi24,10,1,9
93819,batman-begins,Compi24,10,1,9
97582,apollo-13,Compi24,10,1,9
62345,moon,Compi24,10,1,9
98589,walk-the-line,Compi24,10,1,9
100514,collateral,Compi24,10,1,9
101016,anchorman-the-legend-of-ron-burgundy,Compi24,10,1,9
101335,elf,Compi24,10,1,9
103197,napoleon-dynamite,Compi24,10,1,9
103367,crimson-tide,Compi24,10,1,9
62530,observe-and-report,Compi24,10,1,9
59785,zombieland,Compi24,10,1,9
143486,the-dark-knight,MonsieurEames,10,1,9
8706,arrival,Compi24,10,1,9
157802,inception,MonsieurEames,10,1,9
161177,harry-potter-and-the-half-blood-prince,MonsieurEames,10,1,9
166724,harry-potter-and-the-deathly-hallows-part-i,MonsieurEames,10,1,9
4313,patriots-day,Compi24,10,1,9
5691,logan-2017,Compi24,10,1,9
6439,deepwater-horizon,Compi24,10,1,9
16771,me-and-earl-and-the-dying-girl,Compi24,10,1,9
55138,toy-story-3,Compi24,10,1,9
24482,whiplash,Compi24,10,1,9
25517,the-equalizer,Compi24,10,1,9
34889,prisoners,Compi24,10,1,9
36211,man-of-steel,Compi24,10,1,9
51475,mission-impossible---ghost-protocol,Compi24,10,1,9
53767,127-hours,Compi24,10,1,9
118222,ice-age,imthenoob,10,1,9
111644,halloween-1978,imthenoob,10,1,9
98656,serenity,AnonymousMC,10,1,9
111304,house-of-1000-corpses,imthenoob,10,1,9
162789,watchmen,AnonymousMC,10,1,9
163104,star-trek,AnonymousMC,10,1,9
163899,district-9,AnonymousMC,10,1,9
180770,avatar,AnonymousMC,10,1,9
116405,little-miss-sunshine,ChristopherJ.,8,1,7
125915,death-at-a-funeral-2007,ChristopherJ.,8,1,7
137609,indiana-jones-and-the-kingdom-of-the-crystal-skull,ChristopherJ.,8,1,7
93287,war-of-the-worlds,patrickd.,10,1,9
95958,million-dollar-baby,patrickd.,10,1,9
104122,mystic-river,patrickd.,10,1,9
108415,together,patrickd.,10,1,9
135524,princess-mononoke,patrickd.,10,1,9
140883,the-shawshank-redemption,patrickd.,10,1,9
51249,gnomeo-and-juliet,gm101,9,1,8
53092,shrek-forever-after,gm101,9,1,8
160934,watchmen,AnonymousMC,10,1,9
160158,district-9,AnonymousMC,10,1,9
158776,harry-potter-and-the-half-blood-prince,AnonymousMC,10,1,9
135810,the-dark-knight,AnonymousMC,10,1,9
111637,v-for-vendetta,AnonymousMC,10,1,9
115434,little-miss-sunshine,AnonymousMC,10,1,9
120785,knocked-up,AnonymousMC,10,1,9
122671,borat-cultural-learnings-of-america-for-make-benefit-glorious-nation-of-kazakhstan,AnonymousMC,10,1,9
128496,the-dark-knight,AnonymousMC,10,1,9
129830,the-dark-knight,AnonymousMC,10,1,9
136536,no-country-for-old-men,AnonymousMC,10,1,9
158101,where-the-wild-things-are,AnonymousMC,10,1,9
140936,the-dark-knight,AnonymousMC,10,1,9
147244,transformers-revenge-of-the-fallen,AnonymousMC,10,1,9
148418,transformers-revenge-of-the-fallen,AnonymousMC,10,1,9
151322,slumdog-millionaire,AnonymousMC,10,1,9
151799,transformers-revenge-of-the-fallen,AnonymousMC,10,1,9
152608,orphan,AnonymousMC,10,1,9
54436,the-sorcerers-apprentice,gm101,9,1,8
56604,alice-in-wonderland,gm101,9,1,8
66001,the-chronicles-of-narnia-prince-caspian,gm101,9,1,8
60502,toy-story-3,imthenoob,10,1,9
23994,the-interview,imthenoob,10,1,9
30134,the-grand-budapest-hotel,imthenoob,10,1,9
42505,man-of-steel,imthenoob,10,1,9
45023,the-artist,imthenoob,10,1,9
48713,the-descendants,imthenoob,10,1,9
48824,the-adventures-of-tintin,imthenoob,10,1,9
80244,the-prestige,imthenoob,10,1,9
21847,the-breakfast-club,imthenoob,10,1,9
95735,toy-story,imthenoob,10,1,9
100375,saw,imthenoob,10,1,9
103343,star-wars-episode-iv---a-new-hope,imthenoob,10,1,9
105124,eternal-sunshine-of-the-spotless-mind,imthenoob,10,1,9
107142,thirteen,imthenoob,10,1,9
110008,finding-nemo,imthenoob,10,1,9
23000,whiplash,imthenoob,10,1,9
128547,the-goonies,Zegilgamesh,9,1,8
89749,harry-potter-and-the-goblet-of-fire,gm101,9,1,8
151317,paul-blart-mall-cop,gm101,9,1,8
94246,batman-begins,gm101,9,1,8
101590,mulan,gm101,9,1,8
110243,raiders-of-the-lost-ark,gm101,9,1,8
119781,monsters-inc,gm101,9,1,8
144567,mission-impossible,gm101,9,1,8
146160,indiana-jones-and-the-kingdom-of-the-crystal-skull,gm101,9,1,8
152867,night-at-the-museum-battle-of-the-smithsonian,gm101,9,1,8
122245,the-lord-of-the-rings-the-fellowship-of-the-ring,Zegilgamesh,9,1,8
162723,harry-potter-and-the-deathly-hallows-part-i,gm101,9,1,8
168167,tower-heist,gm101,9,1,8
46860,tyrannosaur,Andys_Reviews,10,1,9
60352,moon,Andys_Reviews,10,1,9
147845,blade-runner,Andys_Reviews,10,1,9
117075,spirited-away,Zegilgamesh,9,1,8
180884,the-conjuring,Denathorn,10,1,9
